model,engine,latency_median_ms,latency_p95_ms,throughput_fps,weight_bytes,torch_peak_allocated_bytes,ggml_backend_buffer_bytes,R@20,R@50,R@100,mR@20,mR@50,mR@100,F1@50,wR@50,mR@50_rare,mR@50_common,mR@50_frequent,logits_mae,logits_rmse,logits_max_abs,predicate_top1_agreement,pair_set_recall
relsgg-vits16,cuda-f16,25.6936,27.723335,39.22688208815049,112374656,,148310016,0.09713574097135741,0.14570361145703611,0.19053549190535493,0.08721631340434662,0.11379788192906425,0.12179974987182299,0.1277893406844969,0.1096843464958474,0.10144927536231885,0.1,0.19735428872067307,0.003125813207026656,0.004316453832917938,0.8037319183349609,0.9974082408732999,0.99984375
relsgg-vits16,cuda-f32,24.3671,27.335394999999995,41.224292222188055,224252864,,270804992,0.09713574097135741,0.1444582814445828,0.18929016189290163,0.08721631340434662,0.11365440990610874,0.12165627784886746,0.12721823671450125,0.10961058976014304,0.10144927536231885,0.1,0.19626496410193667,0.002019844610989704,0.0026733506495839115,0.054509639739990234,0.9963958333333334,1.0
relsgg-vits16,cuda-q8_0,20.8654,22.79077,48.13893899082684,61281184,,92265344,0.09838107098381071,0.1444582814445828,0.18804483188044832,0.08732471448835746,0.11365440990610874,0.12141237540984308,0.12721823671450125,0.10961058976014304,0.10144927536231885,0.1,0.19626496410193667,0.029268781697230545,0.04014984213447473,0.9069135189056396,0.9738203534217313,0.9965625
relsgg-vits16,python,28.009775502141565,30.256822396768257,35.87719777943294,,322893824,,0.09713574097135741,0.1444582814445828,0.18929016189290163,0.08721631340434662,0.11365440990610874,0.12165627784886746,0.12721823671450125,0.10961058976014301,0.10144927536231885,0.1,0.1962649641019367,,,,,
relsgg-vits16,vulkan-f16,29.0731,32.033965,34.40242066440569,112374656,,148309168,0.09713574097135741,0.1444582814445828,0.18929016189290163,0.08721631340434662,0.11365440990610874,0.12165627784886746,0.12721823671450125,0.10961058976014304,0.10144927536231885,0.1,0.19626496410193667,0.002683356302786153,0.0033087207737504433,0.05457592010498047,0.9982301136363637,1.0
relsgg-vits16,vulkan-f32,29.1655,32.078085,34.12317099803451,224252864,,270804224,0.09713574097135741,0.1444582814445828,0.18929016189290163,0.08721631340434662,0.11365440990610874,0.12165627784886746,0.12721823671450125,0.10961058976014304,0.10144927536231885,0.1,0.19626496410193667,0.0019023283534110277,0.002561081786583553,0.10388612747192383,0.9987487696850395,0.99984375
relsgg-vits16,vulkan-q8_0,28.663600000000002,31.958505,34.65781164200256,61281184,,92239024,0.09838107098381071,0.1444582814445828,0.18929016189290163,0.08732471448835746,0.11365440990610874,0.12165627784886746,0.12721823671450125,0.10961058976014304,0.10144927536231885,0.1,0.19626496410193667,0.01884907978831758,0.026092131756947932,0.8425502777099609,0.981567490853416,0.998125
relsgg-vits16plus,cuda-f16,28.38695,30.470299999999998,35.676392289047264,126569408,,162502656,0.11457036114570361,0.16936488169364883,0.2129514321295143,0.07945107171853434,0.10473463390344394,0.1217725208919285,0.12943013665415282,0.09688546257168676,0.07246376811594203,0.125,0.23965185000762987,0.0036900994704376832,0.004514084280827966,0.15648555755615234,0.99690625,0.99953125
relsgg-vits16plus,cuda-f32,26.022550000000003,27.951185,38.75799538686835,252640256,,299190272,0.11581569115815692,0.1706102117061021,0.21419676214196762,0.08432912049902214,0.10961268268393175,0.1266505696724163,0.13347262748881586,0.10218989394235171,0.07971014492753623,0.125,0.23965185000762987,0.0026290196943090298,0.003569615745584563,0.16189336776733398,0.9968794515032212,0.9996875
relsgg-vits16plus,cuda-q8_0,22.3459,24.296765,44.584725825782684,68877280,,99862400,0.11706102117061021,0.1718555417185554,0.21419676214196762,0.08333145238280609,0.11429929641053412,0.12652011022828696,0.1372890818908383,0.10735421738556482,0.08695652173913043,0.125,0.23819836163553684,0.025887235097057936,0.035884942956708014,1.9548227787017822,0.9767933305211848,0.99796875
relsgg-vits16plus,python,30.68053553579375,32.70912584848702,32.983091288551094,,351211008,,0.11581569115815692,0.1706102117061021,0.21419676214196762,0.08432912049902214,0.10961268268393175,0.1266505696724163,0.13347262748881586,0.10218989394235171,0.07971014492753623,0.125,0.23965185000762987,,,,,
relsgg-vits16plus,vulkan-f16,30.253950000000003,33.90574,32.586798032304856,126569408,,162501808,0.11457036114570361,0.16936488169364883,0.2129514321295143,0.07945107171853434,0.10473463390344394,0.1217725208919285,0.12943013665415282,0.09688546257168676,0.07246376811594203,0.125,0.23965185000762987,0.003656921238462223,0.004365958611324874,0.1545581817626953,0.9974722222222222,0.9996875
relsgg-vits16plus,vulkan-f32,31.16585,34.813345,31.797547811269855,252640256,,299189504,0.11581569115815692,0.1706102117061021,0.21419676214196762,0.08432912049902214,0.10961268268393175,0.1266505696724163,0.13347262748881586,0.10218989394235171,0.07971014492753623,0.125,0.23965185000762987,0.002440976043729404,0.0033206028715623763,0.16051721572875977,0.9960726333214031,0.99984375
relsgg-vits16plus,vulkan-q8_0,31.2975,34.78368,31.667307824092408,68877280,,99833008,0.11706102117061021,0.16936488169364883,0.21170610211706103,0.07979176083971126,0.10473463390344394,0.1215286184529041,0.12943013665415282,0.09688546257168676,0.07246376811594203,0.125,0.23965185000762987,0.017396764008825734,0.024461587232966917,1.9488375186920166,0.9836205634096875,0.99890625
relsgg-vitb16,cuda-f16,44.411649999999995,47.473325,22.442968265687753,247690880,,319644416,0.11955168119551682,0.17434620174346202,0.22914072229140722,0.10103452987027965,0.12982214554974458,0.14720486420211004,0.14882546576726177,0.12310742536521628,0.09420289855072464,0.19791666666666666,0.21099530263077682,0.0028236814502063923,0.003630845931173737,0.09604930877685547,0.9957452651515152,0.99984375
relsgg-vitb16,cuda-f32,41.02205,43.228275000000004,24.49934366258328,494885312,,609306112,0.12079701120797011,0.17559153175591533,0.23038605230386053,0.10117800189323518,0.12996561757270012,0.14734833622506555,0.14937213490397452,0.12318118210092065,0.09420289855072464,0.19791666666666666,0.2120846272495132,0.0018819868637971044,0.002547311558959682,0.062375783920288086,0.9974375000000001,1.0
relsgg-vitb16,cuda-q8_0,30.497549999999997,32.712984999999996,32.526915209162695,134249664,,186332416,0.12204234122042341,0.17559153175591533,0.23038605230386053,0.10121154800874749,0.12877965149309045,0.1461623701454559,0.14858578938575365,0.12212338301451266,0.09420289855072464,0.19166666666666665,0.21233932923766222,0.024992935236441985,0.03381935787372803,0.9104809761047363,0.976502045553965,0.99796875
relsgg-vitb16,python,49.653667549137026,52.43955837213434,20.09087014364109,,596788736,,0.12079701120797011,0.17559153175591533,0.23038605230386053,0.10117800189323517,0.12996561757270012,0.14734833622506555,0.14937213490397452,0.12318118210092065,0.09420289855072464,0.19791666666666666,0.2120846272495132,,,,,
relsgg-vitb16,vulkan-f16,42.85125,45.43315,23.436378715755826,247690880,,321852976,0.11955168119551682,0.17434620174346202,0.22914072229140722,0.10103452987027965,0.12982214554974458,0.14720486420211004,0.14882546576726177,0.12310742536521628,0.09420289855072464,0.19791666666666666,0.21099530263077682,0.0022432861319735048,0.0028355229762517314,0.06243276596069336,0.9967083333333332,1.0
relsgg-vitb16,vulkan-f32,42.565200000000004,46.244119999999995,23.320576822341,494885312,,609414528,0.12079701120797011,0.17559153175591533,0.23038605230386053,0.10117800189323518,0.12996561757270012,0.14734833622506555,0.14937213490397452,0.12318118210092065,0.09420289855072464,0.19791666666666666,0.2120846272495132,0.0016034058985963258,0.0022681109640137315,0.37547969818115234,0.9979050196850394,0.99984375
relsgg-vitb16,vulkan-q8_0,42.277950000000004,44.82118,23.738786746692334,134249664,,186404960,0.12079701120797011,0.17559153175591533,0.23038605230386053,0.10092024275455783,0.1287417784435525,0.14612449709591796,0.14856057697442016,0.12209593460243856,0.09420289855072464,0.19166666666666665,0.2120517746022815,0.014104189788151034,0.0191288546478796,0.6004056930541992,0.9860030099220551,0.99890625
